用户名,昵称,个人主页
z111hw,十一,https://www.douban.com/people/z111hw/
138080627,涩涩de阿宝,https://www.douban.com/people/138080627/
130563349,蒙古国海军司令,https://www.douban.com/people/130563349/
160454641,书店老板,https://www.douban.com/people/160454641/
152964436,Hyoke,https://www.douban.com/people/152964436/
52858240,On-Black,https://www.douban.com/people/52858240/
169566019,倾城一念,https://www.douban.com/people/169566019/
125097887,明鏡,https://www.douban.com/people/125097887/
167334016,代跳跳,https://www.douban.com/people/167334016/
smallc000,河流奔向山川,https://www.douban.com/people/smallc000/
zjy1222,君宝同学,https://www.douban.com/people/zjy1222/
178792444,aidlez,https://www.douban.com/people/178792444/
164321671,翔儿的影子,https://www.douban.com/people/164321671/
161607724,哈,https://www.douban.com/people/161607724/
122849703,正阳无限好,https://www.douban.com/people/122849703/
154543892,UNDEROATH_,https://www.douban.com/people/154543892/
147932116,榴莲,https://www.douban.com/people/147932116/
174525047,豆豆的世界,https://www.douban.com/people/174525047/
59655254,Deasoora,https://www.douban.com/people/59655254/
161875145,细嗅蔷薇,https://www.douban.com/people/161875145/
174815354,独行的棕鹿,https://www.douban.com/people/174815354/
79227759,太阳月亮星星,https://www.douban.com/people/79227759/
174635074,孙宴,https://www.douban.com/people/174635074/
linningmeng,打死一个砍樵人,https://www.douban.com/people/linningmeng/
121743242,Echo,https://www.douban.com/people/121743242/
49200692,御廌,https://www.douban.com/people/49200692/
164172562,看云看一天,https://www.douban.com/people/164172562/
1625340,眯起眼,https://www.douban.com/people/1625340/
163884485,挪威的森林,https://www.douban.com/people/163884485/
172488854,故事的小黄花,https://www.douban.com/people/172488854/
65541001,乌云盖雪,https://www.douban.com/people/65541001/
