用户名,昵称,个人主页
174815354,独行的棕鹿,https://www.douban.com/people/174815354/
sancky,sancky,https://www.douban.com/people/sancky/
152964436,Hyoke,https://www.douban.com/people/152964436/
52858240,On-Black,https://www.douban.com/people/52858240/
154543892,UNDEROATH_,https://www.douban.com/people/154543892/
123169360,墙头草儿,https://www.douban.com/people/123169360/
169566019,倾城一念,https://www.douban.com/people/169566019/
125097887,明鏡,https://www.douban.com/people/125097887/
167334016,代跳跳,https://www.douban.com/people/167334016/
178792444,aidlez,https://www.douban.com/people/178792444/
164321671,翔儿的影子,https://www.douban.com/people/164321671/
122849703,正阳无限好,https://www.douban.com/people/122849703/
161607724,哈,https://www.douban.com/people/161607724/
138080627,涩涩de阿宝,https://www.douban.com/people/138080627/
130563349,蒙古国海军司令,https://www.douban.com/people/130563349/
160454641,书店老板,https://www.douban.com/people/160454641/
59655254,Deasoora,https://www.douban.com/people/59655254/
161875145,细嗅蔷薇,https://www.douban.com/people/161875145/
147932116,榴莲,https://www.douban.com/people/147932116/
138904001,阿梨啊,https://www.douban.com/people/138904001/
TY-PaperMan,杜邻,https://www.douban.com/people/TY-PaperMan/
158885481,Люда,https://www.douban.com/people/158885481/
103476652,木俞水及,https://www.douban.com/people/103476652/
121743242,Echo,https://www.douban.com/people/121743242/
49200692,御廌,https://www.douban.com/people/49200692/
79227759,太阳月亮星星,https://www.douban.com/people/79227759/
